Student ID,First name,Last name,Gender,Date of birth,Classname,Country
556259,Bryon,OHara,Male,29/09/1985,5203003,Canada
589080,Kaci,OConner,Male,10/09/1981,5203004,Chile
532878,Richie,Goodwin,Female,04/01/1986,5203002,Montenegro
529483,Nathan,Renner,Female,18/12/1983,5203002,Nigeria
510140,Modesta,Schmidt,Female,09/04/1984,5203002,Poland
549937,Ryley,Klocko,Female,13/02/1987,5203003,Uzbekistan
541943,Rosalind,Veum,Male,21/08/1981,5203001,Zambia
572951,Carrie,Jacobs,Female,24/08/1984,5203002,Mexico
519362,Wilford,Grimes,Female,23/02/1983,5203001,Mexico
582891,Josefina,Smitham,Male,06/03/1983,5203004,Bahrain
578645,Stone,Reilly,Male,27/05/1985,5203003,Monaco
557169,Octavia,Wintheiser,Female,07/07/1982,5203003,Panama
579326,Eda,Dickinson,Female,07/03/1981,5203004,India
575667,Ericka,Grant,Female,01/10/1985,5203001,Mexico
567039,America,Tromp,Female,27/11/1984,5203002,Panama
560846,Kaley,Keebler,Male,31/07/1981,5203003,Nigeria
521006,Ellis,Gutkowski,Male,19/10/1980,5203004,Zambia
582798,Kari,Ankunding,Female,04/09/1981,5203002,Poland
577921,Alda,Purdy,Female,23/03/1983,5203002,Azerbaijan
506159,Maiya,Haley,Male,21/09/1985,5203003,Indonesia
526195,Stone,Reilly,Female,04/07/1987,5203001,Greenland
538420,Ruth,Raynor,Male,07/12/1980,5203001,Singapore
566272,Sonia,Tremblay,Female,06/10/1981,5203002,Chile
508710,Carlo,Herman,Male,03/06/1985,5203001,Greenland
562278,Malinda,Stokes,Male,05/04/1985,5203002,Montenegro
558022,Brenna,Rempel,Male,20/09/1984,5203001,Zambia
579605,Effie,Buckridge,Male,10/10/1986,5203001,Monaco
519497,Jaydon,Pagac,Female,21/08/1984,5203002,India
502257,Jermey,Champlin,Female,19/01/1988,5203003,Bahrain
509812,Ruthie,Block,Female,25/05/1985,5203004,Panama
509651,Edwin,Durgan,Female,29/11/1981,5203004,Cuba
567160,Everett,Johns,Male,04/01/1983,5203004,Austria
530502,Germaine,Gulgowski,Male,23/11/1985,5203001,India
553884,Kiley,Marquardt,Female,02/07/1985,5203001,Austria
596487,Rene,Kuvalis,Male,27/12/1984,5203001,Zambia
549096,Mylene,Feil,Male,28/12/1985,5203004,Eritrea
560810,Landen,Heidenreich,Male,18/09/1980,5203002,Zambia
556486,Donato,Gerhold,Male,12/02/1984,5203004,Mexico
558446,Felicia,Lehner,Male,10/09/1981,5203004,Canada
595614,Alexys,Homenick,Male,16/12/1980,5203003,Poland
588871,Delphine,Sauer,Male,05/11/1986,5203002,Cuba
526855,Rey,Leannon,Female,23/09/1980,5203001,Canada
536501,Deja,Bruen,Male,29/09/1980,5203003,Serbia
502786,Jasen,Schamberger,Male,12/09/1981,5203003,Chile
531654,Anita,Lynch,Male,01/02/1987,5203001,Mexico
513399,Arden,Renner,Male,15/07/1982,5203003,Zambia
575175,Trycia,Ziemann,Male,14/11/1983,5203001,Zambia
564474,Wilma,Kautzer,Female,26/10/1986,5203004,Canada
599352,Gregorio,Kunze,Female,26/09/1983,5203002,Eritrea
551664,Zachary,Towne,Female,29/07/1987,5203001,Cuba
563645,Alexys,Homenick,Female,31/05/1985,5203001,Greenland
554342,Alana,Gulgowski,Female,22/11/1987,5203003,Serbia
569602,Sierra,Luettgen,Female,14/09/1983,5203001,Zambia
503884,Jarrod,Prosacco,Female,04/02/1982,5203002,Ethiopia
516275,Mathew,Deckow,Female,01/02/1985,5203003,India
599702,Haskell,Abernathy,Female,01/10/1983,5203003,Montenegro
587168,Domingo,Hirthe,Female,02/03/1983,5203003,Indonesia
519710,Wilma,Smitham,Male,19/11/1982,5203001,Nigeria
511781,Jocelyn,Hodkiewicz,Female,05/01/1981,5203001,Singapore
585403,Alvera,Stroman,Female,02/03/1984,5203003,Eritrea
522486,Amelie,Kuhic,Male,03/12/1982,5203003,Panama
564847,Richard,Price,Female,06/10/1984,5203004,Greenland
570691,Javonte,Kunde,Female,03/07/1984,5203002,Greenland
502377,Mekhi,Gibson,Female,01/04/1980,5203004,Ethiopia
517707,Loma,Wehner,Male,09/01/1987,5203004,Mexico
555401,Joseph,Spencer,Female,22/07/1982,5203003,Zambia
536271,Hettie,Donnelly,Female,26/05/1984,5203004,Poland
538362,Leanna,Hand,Female,02/05/1980,5203003,Azerbaijan
535797,Rose,Beier,Male,15/04/1985,5203004,Zambia
562910,Nickolas,Grady,Female,05/08/1985,5203003,Zambia
565635,Jeanne,Bashirian,Female,15/01/1985,5203001,Ethiopia
500846,Price,Medhurst,Female,03/11/1983,5203003,Montenegro
515126,Abner,Abernathy,Male,09/01/1985,5203002,Singapore
506840,Norene,Wilderman,Female,23/03/1982,5203003,Cuba
557149,Rosalinda,Botsford,Female,16/05/1984,5203002,Zambia
594384,Toy,Emard,Female,19/10/1984,5203004,Nigeria
515673,Bart,Dicki,Male,16/03/1984,5203003,Bahrain
574566,Marge,Nitzsche,Male,13/10/1985,5203003,Montenegro
587854,Eugene,Leffler,Male,07/10/1985,5203002,Uzbekistan
560037,Gabriel,OReilly,Male,01/07/1985,5203004,Sweden
595612,Rosalia,Quitzon,Male,16/03/1986,5203001,Serbia
533634,Justina,Zemlak,Male,22/02/1983,5203001,Serbia
527216,Suzanne,Will,Male,07/11/1980,5203004,Bahrain
547167,Kaleb,Boyle,Female,14/06/1983,5203004,Bahrain
586472,Otilia,Thompson,Male,23/08/1987,5203004,Indonesia
548272,Lyric,Frami,Female,09/03/1982,5203001,Indonesia
541263,Olen,Bradtke,Female,12/06/1980,5203001,China
510521,Rowland,VonRueden,Male,06/05/1985,5203002,Chile
518942,Haskell,Abernathy,Female,11/08/1986,5203001,Sweden
520303,Kenyon,Jacobs,Male,17/11/1980,5203003,Canada
535653,Zelma,Murphy,Male,10/03/1982,5203001,Nigeria
549845,Lazaro,Fay,Female,17/08/1983,5203001,Mexico
535512,Nasir,Homenick,Female,27/04/1984,5203003,Singapore
563295,Jude,Sanford,Male,31/05/1981,5203003,Montenegro
584255,Eliseo,Collier,Male,02/05/1987,5203001,Serbia
559314,Madaline,Bogan,Male,20/09/1980,5203002,Eritrea
547133,Joel,McKenzie,Male,15/04/1987,5203002,Uzbekistan
559975,Rose,Beier,Female,30/12/1987,5203004,Chile
529570,Nikita,Schroeder,Male,28/12/1983,5203003,Chile
581056,Burnice,Bechtelar,Male,21/01/1984,5203002,Ethiopia
507015,Anna,Keeling,Female,29/02/1984,5203004,Austria
545052,Caden,Koss,Male,18/11/1980,5203001,Zambia
587449,Josie,Hoeger,Male,26/03/1984,5203003,Nigeria
507033,London,McGlynn,Male,05/09/1985,5203004,Panama
553222,Amara,Rogahn,Female,05/05/1980,5203004,Panama
565883,Rosalia,Hills,Male,12/08/1984,5203004,India
571292,Jaydon,Marvin,Female,20/12/1981,5203001,Monaco
524766,Jaida,Farrell,Female,07/07/1986,5203002,Sweden
599919,Harmon,Howe,Male,27/07/1983,5203001,Uzbekistan
538847,Samson,Maggio,Female,27/03/1985,5203003,Austria
553835,Vidal,Balistreri,Female,11/09/1985,5203004,Panama
518626,Theo,Hodkiewicz,Female,28/07/1987,5203001,China
586100,Kendra,Homenick,Male,22/10/1983,5203004,Poland
570302,Arnaldo,Ratke,Female,18/01/1981,5203002,Chile
532222,Aaliyah,Wunsch,Male,21/07/1981,5203002,Austria
538759,Olen,Brekke,Female,05/08/1983,5203003,India
578827,Ole,Okuneva,Female,22/01/1987,5203002,Serbia
530727,Halle,Ratke,Female,14/06/1984,5203003,China
522817,Lue,Kris,Female,20/03/1980,5203004,Indonesia
533726,Helena,Harvey,Male,28/07/1985,5203001,Nigeria
501285,Nikko,Rolfson,Male,16/01/1981,5203001,Ethiopia
547999,Margaret,Predovic,Female,31/10/1986,5203001,Chile
568392,Haylee,Lang,Male,02/11/1983,5203003,Panama
574334,Gerhard,Sanford,Male,12/02/1980,5203004,Ethiopia
563354,Rupert,Kertzmann,Male,20/03/1980,5203002,China
561886,Isadore,Rodriguez,Male,27/09/1987,5203003,Eritrea
551539,Russ,Murray,Male,18/06/1984,5203003,China
508960,Gerda,Erdman,Female,15/10/1987,5203001,Panama
556766,Twila,OReilly,Female,12/10/1986,5203002,Eritrea
507094,Irving,Bogisich,Female,19/03/1984,5203003,Zambia
559608,Retha,Braun,Female,15/03/1982,5203002,Serbia
563882,Davion,Haag,Male,30/07/1983,5203001,Nigeria
564377,Ivory,MacGyver,Female,16/04/1987,5203001,Mexico
580179,Marcelle,Flatley,Female,16/11/1984,5203004,Uzbekistan
505275,Veronica,Stanton,Male,22/07/1987,5203001,India
593169,Modesto,Tillman,Male,15/03/1984,5203004,Montenegro
501122,Rosalind,Strosin,Male,02/03/1980,5203004,Bahrain
581669,Jade,Weissnat,Female,19/03/1983,5203001,Bahrain
563233,Justus,Kris,Female,24/04/1984,5203001,Austria
541128,Brandy,Ryan,Male,21/10/1984,5203002,Azerbaijan
582157,Izaiah,Ratke,Male,10/05/1981,5203002,Ethiopia
594466,Isai,Tillman,Female,26/04/1982,5203002,Poland
538152,Magali,Walker,Female,23/02/1982,5203004,Austria
573765,Eulalia,Schmidt,Female,30/06/1986,5203003,Singapore
596926,Alta,Corkery,Male,14/10/1980,5203002,Canada
509880,Hayley,Anderson,Male,13/06/1986,5203004,Chile
589342,Dewitt,Cruickshank,Female,22/08/1982,5203001,Singapore
587019,Johann,Beatty,Female,12/10/1984,5203003,Austria
570243,Nelson,Carroll,Female,17/09/1980,5203002,Ethiopia
517890,Elmore,Farrell,Male,08/01/1982,5203004,Bahrain
513549,Carlo,Sanford,Female,21/04/1985,5203002,Singapore
518882,Della,Weimann,Male,10/03/1986,5203001,Nigeria
580501,Alison,Koch,Male,25/12/1981,5203003,Austria
540132,Darrick,Hintz,Male,28/09/1981,5203004,Nigeria
552072,Kiley,Mosciski,Female,25/01/1982,5203003,Sweden
580410,Queen,Dickens,Male,26/10/1987,5203001,India
556044,Kyle,Kuhlman,Male,15/04/1982,5203002,Uzbekistan
587242,Roselyn,Frami,Male,24/10/1980,5203002,China
558160,Janet,Reichel,Male,19/10/1982,5203001,Sweden
517898,Chadd,Kshlerin,Male,28/12/1986,5203003,China
513843,Chaz,Lang,Female,20/09/1985,5203004,Serbia
577102,Giovani,McDermott,Male,20/04/1985,5203001,Sweden
587416,Jamar,Watsica,Male,24/01/1982,5203001,Chile
503509,Anika,Maggio,Female,24/12/1980,5203003,Uzbekistan
564565,Hillary,Mann,Male,09/11/1982,5203004,Singapore
572939,Tyrel,Schuster,Female,05/08/1981,5203001,Serbia
561999,Violette,Ward,Female,27/09/1980,5203003,Greenland
548368,Dameon,Barton,Male,05/02/1981,5203003,Singapore
520403,Geovanni,Lesch,Male,22/12/1986,5203003,Singapore
575891,Felicita,Turner,Female,31/05/1985,5203002,Zambia
548894,Jannie,Lynch,Male,26/05/1980,5203004,China
555366,Hollis,Toy,Female,14/08/1982,5203001,Canada
573833,Skye,Parisian,Female,17/11/1981,5203002,Indonesia
553259,Rocky,Herman,Male,18/05/1984,5203001,Canada
517387,Amy,Keeling,Female,11/10/1980,5203003,Uzbekistan
547594,Elissa,Breitenberg,Male,14/01/1988,5203003,Mexico
591114,Maurine,Johnston,Female,18/01/1983,5203002,India
518963,Maryse,Nader,Male,14/07/1982,5203003,Montenegro
578344,Curt,Considine,Male,12/03/1983,5203003,China
547995,Jakob,McKenzie,Male,21/02/1981,5203004,Singapore
525047,Ronny,Raynor,Male,06/09/1985,5203003,Serbia
599266,Anastacio,Rippin,Male,24/06/1981,5203004,Azerbaijan
516876,Lilla,Bergstrom,Male,19/02/1982,5203004,Panama
545108,Jodie,Pacocha,Female,02/03/1981,5203004,Zambia
540268,Alexys,Jenkins,Male,15/09/1980,5203004,Poland
523160,Pierre,Sporer,Female,01/07/1984,5203002,Azerbaijan
562160,Kian,Klein,Female,18/06/1985,5203002,China
504959,Alena,Thompson,Male,08/08/1983,5203004,Bahrain
570484,Jarred,Wilkinson,Male,05/09/1987,5203004,Zambia
506626,Jacklyn,Skiles,Male,05/06/1984,5203002,Greenland
541815,Garry,Corwin,Female,30/11/1986,5203004,Azerbaijan
515091,Burdette,Hayes,Male,18/04/1985,5203003,Montenegro
556430,Ashleigh,Rippin,Male,17/09/1982,5203004,Zambia
571553,Eleazar,OConnell,Male,14/04/1980,5203002,Austria
515754,Vallie,Kassulke,Female,17/04/1982,5203002,Nigeria
548815,Orin,Jenkins,Male,02/12/1982,5203004,Azerbaijan
550106,Rex,Welch,Female,04/06/1986,5203004,Ethiopia
598280,Baron,Johnston,Female,20/05/1984,5203004,Singapore
549402,Uriel,Heller,Female,07/07/1986,5203001,Poland
536956,Melany,Kihn,Female,01/06/1982,5203004,Eritrea